SITE_URL,NAME,DOWNLOAD_URL
https://koreanz7.xyz/,원더우먼 1화,https://talia.evosrv.com/EvoStreams/VEO1OJwkwIu8E4RQI5co.mp4.mp4?md5=n343mGaMIsMgQ9yahm7eTQ&expires=1645535880
https://koreanz7.xyz/,원더우먼 1화,https://336866703bd6e25.highdeliverycdn.com/atlaslionzd/rjVCB9g4_o74nR4xlBxM3Q/1645783086/zkxg6aiqnbgj/wrret2ufd1fd/video.mp4
https://koreanz7.xyz/,원더우먼 2화,https://talia.evosrv.com/EvoStreams/wFsoPnFjKM33sqvzSkaH.mp4.mp4?md5=F2F9KwORWpu72XFg2ZI9cQ&expires=1645535901
https://koreanz7.xyz/,원더우먼 3화,https://asx.evosrv.com/EvoStreams/xxeG3oPmttnZEHY8OPDg.mp4.mp4?md5=fhohhf42ceraAn1Qdm7tXw&expires=1645535921
https://koreanz7.xyz/,원더우먼 3화,https://336866703bd6e25.highdeliverycdn.com/atlaslionzd/w4U3wLaj_olHy-oI5dXZ7w/1645783127/qn9nwnn1ak7d/vqgqkj6ee8np/video.mp4
https://koreanz7.xyz/,원더우먼 4화,https://lera.evosrv.com/EvoStreams/pub6lMN4dOxEGQ1Z8j1m.mp4.mp4?md5=Y7mVEJc0cx5vRKiiFjUuLw&expires=1645535938
https://koreanz7.xyz/,원더우먼 4화,https://336866703bd6e25.highdeliverycdn.com/atlaslionzd/D1XhPzAQ1yx5FhM1ykqPvA/1645783144/9w7lozmsrxze/k6sx8jc98evx/video.mp4
https://koreanz7.xyz/,원더우먼 5화,https://white.evosrv.com/EvoStreams/jv16xdVT02iI44UcqTH3.mp4.mp4?md5=tbjnulE0vCdoZ900_etzZg&expires=1645535957
https://koreanz7.xyz/,원더우먼 5화,https://336866703bd6e25.highdeliverycdn.com/atlaslionzd/jjfb5TXdyo2deARr6YhOsw/1645783162/wk7zjdbhpygw/hts4kru3o4m2/video.mp4
https://koreanz7.xyz/,불가살 1화,https://celia.evosrv.com/EvoStreams/SCWhUFXd0LtTE1aLTJci.mp4.mp4?md5=nRkby19J2Q0FrL2cEu87vA&expires=1645535975
https://koreanz7.xyz/,불가살 1화,https://faae91c8d2c3ca9.highdeliverycdn.com/atlaslionzd/Rtfv721QPXqZJSFxNSlyVg/1645783180/dd3ubliqmxgg/jonpw3vdj9ef/video.mp4
https://koreanz7.xyz/,불가살 2화,https://salamander.evosrv.com/EvoStreams/Zd7MyWiIGpRzrL7FjQXa.mp4.mp4?md5=oEr44335gmDAFbzFrJjJIg&expires=1645535992
https://koreanz7.xyz/,불가살 3화,https://asx.evosrv.com/EvoStreams/y5nM0UuUZi3KZ54XFiET.mp4.mp4?md5=ARY3zMTIicx7i01C0X2slQ&expires=1645536010
https://koreanz7.xyz/,불가살 4화,https://lia.evosrv.com/EvoStreams/UIvnsf1uy0prhPdjrkUv.mp4.mp4?md5=ajL8Tgu13SfndgD1ONJ_FA&expires=1645536027
https://koreanz7.xyz/,불가살 5화,https://muna.evosrv.com/EvoStreams/mVwY79Z48dZl4U5o8X80.mp4.mp4?md5=dPZMOdKDNH-pukZFLbC6rQ&expires=1645536045
https://koreanz7.xyz/,술꾼도시여자들 1화,https://ciera.evosrv.com/EvoSrv/Cp2iFcFKi7LXwdcrh15S.mp4?md5=MZ1yS6bF9vt0Iyl01StZeg&expires=1645536074
https://koreanz7.xyz/,술꾼도시여자들 2화,https://ciera.evosrv.com/EvoSrv/gFpV7WdW4ss6oe84yMD8.mp4?md5=f9YoxOk_z1fPsVGYKgxXKg&expires=1645536093
https://koreanz7.xyz/,술꾼도시여자들 3화,https://ciera.evosrv.com/EvoSrv/lE34XyvwjFrUMCcBOhGD.mp4?md5=_CboTl6SIIqXjyxJxWAGhQ&expires=1645536110
https://koreanz7.xyz/,술꾼도시여자들 4화,https://ciera.evosrv.com/EvoSrv/c3HTZ1Wf7DqUedcXmOrs.mp4?md5=5rRZa2BsJhP8FhQ0GZ2Wfw&expires=1645536127
https://koreanz7.xyz/,술꾼도시여자들 5화,https://luna.evosrv.com/EvoSrv/s3AjMLdlvTK9WwtDmeYy.mp4?md5=HWGgx98lmeuG1k3_C_dp2w&expires=1645536144
https://koreanz7.xyz/,특송,https://xaia.evosrv.com/EvoStreams/sO09jX4iwIzXs0xSWyMX.mp4.mp4?md5=u2AJ_QYyyYVWeF0hq47H1Q&expires=1645536181
https://koreanz7.xyz/,특송,https://5d27ff2c03883fb.highdeliverycdn.com/atlaslionzd/8TedvIMcSMEnGqlFxt1bNg/1645783387/nesaaumnpulq/stli2inp1b7u/video.mp4
https://koreanz7.xyz/,특송,https://www-0r.ssl0d.com/aHR0cHM6Ly93d3ctdXZ0ODE0MTIuc3NsMGQuY29tLzBoTHhIeUQ3UnZ5NmZscS14VnlJN2cvMTY0NTU1MzAwNi9DTk0ydGswN1lSWmdwVUFyREVwaE53N044T0JqdjVaWmZWUGh6UkJoWF9qT2Q1eUUtMUgzXzg3SEUxZGNVal9JNW4tMmZ6V3c5TWxlNHB3MlRwRU9xQzM3VGlBZ1dERGoxYUJhSmhwR1A4ay9KVVZFSlRoQkpVSTVKVVZESlRnMkpVRXhLeVV5T0RJd01qSWxNamt1YlhBMA
https://koreanz7.xyz/,유체이탈자,https://asx.evosrv.com/EvoStreams/VQskfVRPH4sdnRfi6tsS.mp4.mp4?md5=WkIFoRuWdfnJUJbftUKV_A&expires=1645536217
https://koreanz7.xyz/,유체이탈자,https://6a85bca622ae0a1.highdeliverycdn.com/atlaslionzd/nzk_8uGu6Wvl5wfzUY0nrg/1645783423/tjdzwltkedae/jhvmppwfx6cw/video.mp4
https://koreanz7.xyz/,유체이탈자,https://ss335o.dood.video/u5kj7za2u7glsdgge43uami4i5sgzn6veox266n5xuk5x5tvthnc26y6bz6a/mjumy75aqd~0XxzCBPuBb?token=wk4hy7whag6l00mvd0q9x339&expiry=1645524249604
https://koreanz7.xyz/,싱크홀,https://salamander.evosrv.com/EvoStreams/5yX5IKti0VzYoNQPnnmB.mp4.mp4?md5=n_wf7FV0O7M642zcWRWbDg&expires=1645536256
https://koreanz7.xyz/,싱크홀,https://6a29b54b4e59507.highdeliverycdn.com/atlaslionzd/lVbQQr6ZrXEM78GIDlT5hQ/1645783461/o3b1a6pklvmr/u8dzyfhvcxl2/video.mp4
https://koreanz7.xyz/,싱크홀,https://r193ok.dood.video/u5kj7u46dhglsdgge4txqmq7looldvgs4722cwzybsvdfx76nnlfvibitf2q/8hzdjaz4tu~itcR9i3Nsw?token=3z10xm2j8m1dl0uhyykzz0dy&expiry=1645524286209
https://koreanz7.xyz/,싱크홀,https://357e5f99b164a8.upcdnx.com/zd/7IkzPtCQGQFCbHCsKIvLaQ/1645783488/ik69nk0fownz/bjwxxvtpp4bl/v.mp4
https://koreanz7.xyz/,발신제한,https://ciera.evosrv.com/EvoStreams/7y9FqdvSSCWmscyXy4gF.mp4.mp4?md5=ZFR3fqevXJDVN7zoJBhL9A&expires=1645536314
https://koreanz7.xyz/,발신제한,https://c83579ebc84d489.highdeliverycdn.com/atlaslionzd/ZODelXJ1RWM7UBG_e1SxRA/1645783520/1bhlgncg73k3/uq7g6mig8941/video.mp4
https://koreanz7.xyz/,반도,https://salamander.evosrv.com/EvoStreams/ZSRdqub9uNi0pIx0wyS3.mp4.mp4?md5=yDQ1pg1iI8gpKwGD0QhI5w&expires=1645536367
https://koreanz7.xyz/,반도,https://65ecec499067a75.highdeliverycdn.com/atlaslionzd/5TNK6tPwzPyiDhqFxPMsWQ/1645783573/iz7k8v2zrt8c/czmxrxcrwvsz/video.mp4
https://koreanz7.xyz/,반도,https://bj169d.dood.video/u5kjusdqt3hlsdgge6vgij2hiaouykt7s7vdgu75effyannwk22cdcgzuyca/hxouwnj5ve~L9qKnUEhBe?token=f45ony9ng8gdlirfciji7ej8&expiry=1645524402743
https://koreanz7.xyz/,시동,https://talia.evosrv.com/EvoStreams/YKnozjtXGbzQOrE52Jwa.mp4.mp4?md5=J_-dye9qLkO8oT3q84QRQA&expires=1645536416
https://koreanz7.xyz/,백두산,https://xaia.evosrv.com/EvoStreams/bjMErm7W74znwrEiICuP.mp4.mp4?md5=iBAi98tmeF8ZGOt_PFezLg&expires=1645536441
https://koreanz7.xyz/,엑시트,https://talia.evosrv.com/EvoStreams/EaPCI2PskhcTkTSyLvFa.mp4.mp4?md5=bkRCZ1MTI7yGhby3ps2biw&expires=1645536467
https://koreanz7.xyz/,엑시트,https://rs318f.dood.video/u5kj7rgm27hlsdgge53gqjcdltndq54gbzi27d3tdol2pljb5mbue3jyf3jq/v470tdty61~ZtjwGjffhV?token=mzasdctf9u6nnsublnc5r9pq&expiry=1645524481392
https://koreanz7.xyz/,악인전,https://salamander.evosrv.com/EvoStreams/7El20yRoxJdp1WgkABsu.mp4.mp4?md5=tE5lzX6N_PzX41cWnE9Dhw&expires=1645536495
https://koreanz7.xyz/,사바하,https://xaia.evosrv.com/EvoStreams/cylvWtcrZK5hiyFAn83p.mp4.mp4?md5=qhS-UennOIIsqV6CaRio9g&expires=1645536530
https://koreanz7.xyz/,극한직업,https://xaia.evosrv.com/EvoStreams/4na63pLcsoQ1Ava4GhPR.mp4.mp4?md5=BGF3juTL4GaKbjI0bYVeDA&expires=1645536555
https://koreanz7.xyz/,극한직업,https://redirector.gdrivecdn.me/drive/index.php?id=Li8c2yzii6JRqeSBWjch8AJQdAJeflO6v7x%2F8QvZVjxR2RWutYugHWCtx14lYn3kEULf%2Frdu1zrDZUx8C6%2FlvTye7hrq1REJlq%2FsKze7W5kWREDuKz8jtbBVanzKid7b97%2B8JT9ZbyNJOX8xQ98MMFga%2Fd1R9ls2aYqS61%2BVLbhw%3D%3D&ref=&sandbox=&t=1645524579274&ref=&res=360
